date,open,high,low,close,volume
2024-09-02,2536,2539.5,2504.4,2523,273539
2024-09-03,2501.6001,2501.80005,2476.30005,2489.8999,263162
2024-09-04,2524.6,2531.5,2502.7,2526,167957
2024-09-05,2526.4,2554,2523.7,2543.1,152709
2024-09-06,2547.1,2559.8,2513.9,2524.6,228117
2024-09-09,2526.5,2536.5,2514.2,2532.7,140583
2024-09-10,2536,2547.5,2528.9,2543.1,156108
2024-09-11,2545.7,2558,2529,2542.4,194085
2024-09-12,2540.6,2588.5,2538.7,2580.6,233679
2024-09-13,2587.5,2614.6,2585,2610.7,174674
2024-09-16,2608,2617.4,2602.5,2608.9,127576
2024-09-17,2609.8,2613.7,2587.3,2592.4,159525
2024-09-18,2596,2627.2,2572.5,2598.6,233128
2024-09-19,2585.1,2620.5,2575.3,2614.6,204475
2024-09-20,2611.2,2651,2608.7,2646.2,207209
2024-09-23,2646.2,2659.8,2638.6,2652.5,170494
2024-09-24,2653.3,2689.4,2647.1,2677,216553
2024-09-25,2682.8,2694.9,2673.4,2684.7,189943
2024-09-26,2681.2,2708.7,2677.5,2694.9,217643
2024-09-27,2695.1,2696.9,2665.3,2668.1,196732
2024-09-30,2680.5,2687.7,2646.2,2659.4,173252
2024-10-01,2656.1,2694.7,2653.8,2690.3,202756
2024-10-02,2684.6,2684.8,2662.1,2669.7,128680
2024-10-03,2679.9,2683.4,2657.8,2679.2,138551
2024-10-04,2675.7,2690.6,2651.6,2667.8,192656
2024-10-07,2671.7,2679.2,2657.3,2666,130705
2024-10-08,2662.8,2672.4,2623.4,2635.4,233849
2024-10-09,2640.7,2642.9,2622.8,2626,143000
2024-10-10,2625.8,2648.9,2618.8,2639.3,195581
2024-10-11,2647.4,2679,2645.3,2676.3,168597
2024-10-14,2673.1,2684.2,2660,2665.6,123361
2024-10-15,2663.5,2685.9,2654.4,2678.9,160564
2024-10-16,2679.5,2702.5,2674.9,2691.3,156877
2024-10-17,2690.4,2712.7,2688.2,2707.5,181816
2024-10-18,2707.8,2737.8,2707.3,2730,178959
2024-10-21,2736.3,2755.4,2728.5,2738.9,210450
2024-10-22,2734.7,2763.3,2733.5,2759.8,173695
2024-10-23,2762.6,2772.6,2722.1,2729.4,214515
2024-10-24,2729.2,2756.3,2728.7,2748.9,175872
2024-10-25,2748.6,2760.9,2729.1,2754.6,153487
2024-10-28,2749.2,2758.3,2736.9,2755.9,161907
2024-10-29,2754.3,2787.7,2752,2781.1,207424
2024-10-30,2786.9,2801.8,2782.4,2800.8,191549
2024-10-31,2799.1,2801.2,2741.8,2749.3,242571
2024-11-01,2754,2772.4,2742.6,2749.2,180660
2024-11-04,2743.5,2757.5,2739.4,2746.2,145248
2024-11-05,2746,2759.5,2733.4,2749.7,151434
2024-11-06,2752.6,2758.8,2660.7,2676.3,361313
2024-11-07,2667.7,2718.3,2650.3,2705.8,292924
2024-11-08,2713.6,2717.8,2687.3,2694.8,233110
2024-11-11,2692.1,2693.4,2617.1,2617.7,281919
2024-11-12,2625.7,2633.4,2595.7,2606.3,282766
2024-11-13,2604.7,2625,2578.1,2586.5,262752
2024-11-14,2578.1,2585.8,2541.5,2572.9,266162
2024-11-15,2570.4,2580.8,2558.9,2570.1,179892
2024-11-18,2571.5,2619.5,2568.5,2614.6,195294
2024-11-19,2616.3,2643.4,2614.2,2631,202241
2024-11-20,2635.8,2659,2621.9,2651.7,182012
2024-11-21,2653.5,2676.5,2651.6,2674.9,186297
2024-11-22,2672,2718.5,2670.1,2712.2,220554
2024-11-25,2716.9,2723.2,2616.6,2618.5,305339
2024-11-26,2626.2,2642.7,2605.3,2621.3,177858
2024-11-27,2658.3,2683.4,2652.2,2664.8,177858
2024-11-28,2660.6,2690.5,2644.1,2681,180756
2024-11-29,2636.3999,2664.30005,2620.69995,2657,173201
2024-12-02,2673.8,2678.5,2644.5,2658.5,163543
2024-12-03,2662,2678.4,2656.6,2667.9,140965
2024-12-04,2665.8,2682,2654.2,2676.2,171792
2024-12-05,2674.2,2680,2646.3,2648.4,156116
2024-12-06,2655,2667.9,2635.6,2659.6,167166
2024-12-09,2665,2700,2649.7,2685.8,182150
2024-12-10,2684.4,2721.7,2680.7,2718.4,181509
2024-12-11,2721.2,2759.7,2719.1,2756.7,264985
2024-12-12,2753.6,2761.3,2696.7,2709.4,219468
2024-12-13,2704.9,2716.4,2663.3,2675.8,178685
2024-12-16,2668,2683.4,2661.4,2670,115996
2024-12-17,2670.2,2675.8,2646.1,2662,147053
2024-12-18,2663.3,2667.6,2598.1,2653.3,156334
2024-12-19,2600.6,2640.9,2596.7,2608.1,191587
2024-12-20,2609.7,2653.8,2603.7,2645.1,153567
2024-12-23,2639.1,2646.8,2623.2,2628.2,105131
2024-12-24,2629.4,2635.8,2624.2,2635.5,53366
2024-12-25,2638,2638,2634.3999,2634.5,52221
2024-12-26,2638,2655.7,2634.1,2653.9,79265
2024-12-27,2653.7,2654.6,2625.2,2631.9,93897
2024-12-30,2636.1,2640.7,2608.4,2618.1,110915
2024-12-31,2620,2642,2614.3,2641,86292
2025-01-01,2641,2641.3999,2639.5,2640.1001,81781
2025-01-02,2641,2674.2,2636.1,2669,144517
2025-01-03,2671.1,2681,2649.7,2654.7,121173
2025-01-06,2652.8,2663.8,2624.6,2647.4,169923
2025-01-07,2647.1,2678.5,2643.5,2665.4,161617
2025-01-08,2662.9,2687,2658.4,2672.4,197370
2025-01-09,2679.9,2696.8,2673.7,2690.8,156645
2025-01-10,2692.9,2735,2686.9,2715,298408
2025-01-13,2716.8,2723.8,2675.2,2678.6,211094
2025-01-14,2682,2693.7,2672,2682.3,179414
2025-01-15,2693.3,2722.7,2685.4,2717.8,193720
2025-01-16,2722.3,2757.9,2720.4,2750.9,186543
2025-01-17,2746.8,2759.2,2729.2,2748.7,156868
2025-01-20,2739.6,2762,2715.6,2759.2,294121
2025-01-21,2746,2755,2724.80005,2755,280375
2025-01-22,2758.7,2774.4,2756.2,2770.9,158141
2025-01-23,2765.9,2767.1,2741,2765,194742
2025-01-24,2761.8,2794.8,2761,2778.9,199562
2025-01-27,2778.1,2778.1,2732,2738.4,215514
2025-01-28,2742.4,2774,2737.4,2767.5,171359
2025-01-29,2771.6,2778.1,2761,2769.8,125692
2025-01-30,2796.2,2853.2,2794.9,2845.2,188341
2025-01-31,2851.9,2862.9,2826,2835,165676
2025-02-03,2846.5,2872,2802.2,2857.1,181344
2025-02-04,2850.4,2877.1,2837.4,2875.8,145862
2025-02-05,2873.7,2906,2870.1,2893,167383
2025-02-06,2885,2894.2,2855,2876.7,167701
2025-02-07,2880.2,2910.6,2876.1,2887.6,192551
2025-02-10,2884.8,2938.1,2879.9,2934.4,167232
2025-02-11,2937,2968.5,2907,2932.6,218478
2025-02-12,2927,2936.5,2886.5,2928.7,204625
2025-02-13,2928.8,2958.8,2925.8,2945.4,169496
2025-02-14,2957.3,2964.1,2889.9,2900.7,228078
2025-02-17,2895.1,2956.5,2887.6,2949,218757
2025-02-18,2879.19995,2936.3999,2873.80005,2931.6001,84402
2025-02-19,2954.1,2964.4,2933.7,2936.1,159341
2025-02-20,2949.5,2973.4,2939.3,2956.1,172197
2025-02-21,2955.7,2964.7,2930.1,2953.2,163686
2025-02-24,2950.4,2974,2936.8,2963.2,162775
2025-02-25,2968.5,2970.4,2897,2918.8,234850
2025-02-26,2929,2942,2903.3,2930.6,163371
2025-02-27,2931.4,2935.8,2879,2895.9,207650
2025-02-28,2889,2896.1,2844.1,2848.5,210560
2025-03-03,2872,2906.4,2866.3,2901.1,177018
2025-03-04,2904.2,2939.8,2892.5,2920.6,188515
2025-03-05,2929,2941.3,2903.4,2926,183016
2025-03-06,2929.5,2935.9,2897.6,2926.6,166364
2025-03-07,2919.2,2938.8,2905.3,2914.1,237577
2025-03-10,2919.6,2926.4,2885.2,2899.4,221609
2025-03-11,2893.2,2929,2882.5,2920.9,194119
2025-03-12,2922.3,2948.9,2911,2946.8,209823
2025-03-13,2943.3,3001.5,2942.2,2991.3,256564
2025-03-14,3001.4,3017.1,2988.6,3001.1,181492
2025-03-17,2994.8,3010.9,2991.4,3006.1,142155
2025-03-18,3009.4,3047.5,3008.2,3040.8,177098
2025-03-19,3041.4,3061.6,3031.3,3041.2,145404
2025-03-20,3058,3065.2,3032.8,3043.8,141231
2025-03-21,3052.6,3055,3004.1,3021.4,190470
2025-03-24,3027.6,3038.4,3007.7,3015.6,202822
2025-03-25,3017.5,3042.4,3010.8,3025.9,172592
2025-03-26,3025.8,3036.1,3017.8,3022.5,172002
2025-03-27,3025.6,3071.3,3022.3,3061,124359
2025-03-28,3099.3,3124.4,3096.3,3114.3,210491
2025-03-31,3118.8,3162,3112.4,3150.3,228393
2025-04-01,3157.3,3177,3130.5,3146,197314
2025-04-02,3147.5,3201.6,3135.7,3166.2,223124
2025-04-03,3196.6,3196.6,3073.5,3121.7,382860
2025-04-04,3138,3160.2,3032.7,3035.4,341150
2025-04-07,3055.1,3084.4,2970.4,2973.6,341150
2025-04-08,2997.5,3037.9,2988.6,2990.2,328515
2025-04-09,2998.3,3118.5,2983.3,3079.4,298325
2025-04-10,3099.1,3195,3086.1,3177.5,298325
2025-04-11,3194.2,3263,3193.4,3244.6,247317
2025-04-14,3246,3261.6,3208.7,3226.3,247317
2025-04-15,3226.1,3250.9,3225.5,3240.4,189619
2025-04-16,3248.4,3358.4,3245.2,3346.4,258376
2025-04-17,3357.5,3371.9,3296.4,3328.4,258376
2025-04-21,3347,3442.3,3344,3425.3,243457
2025-04-22,3435.1,3509.9,3379.1,3419.4,423078
2025-04-23,3367.7,3396,3270.8,3294.1,423078
2025-04-24,3301.8,3377,3301.3,3348.6,377411
2025-04-25,3362,3384.1,3274.8,3298.4,241249
2025-04-28,3336.5,3363.8,3278,3347.7,241249
2025-04-29,3354.9,3359.3,3309.2,3333.6,217995
2025-04-30,3324.5,3337.6,3275.6,3319.1,207722
2025-05-01,3299,3300.6,3209.4,3222.2,214691
2025-05-02,3247.6,3277,3229.5,3243.3,210994
2025-05-05,3247.1,3346.7,3243.1,3322.3,210994
2025-05-06,3345.7,3444.5,3332.1,3422.8,268098
2025-05-07,3448.1,3448.2,3367,3391.9,304244
2025-05-08,3373.1,3422,3293.3,3306,327126
2025-05-09,3310.2,3352.7,3278.9,3344,232464
2025-05-12,3281,3295.5,3211.2,3228,308534
2025-05-13,3240.7,3270.4,3220.1,3247.8,214423
2025-05-14,3254.1,3261.3,3170.7,3188.3,233929
2025-05-15,3180.8,3244.3,3123.3,3226.6,253064
2025-05-16,3243.5,3255.8,3156.4,3187.2,245486
2025-05-19,3220,3252.9,3209.1,3233.5,245486
2025-05-20,3233,3298.5,3207.4,3284.6,224088
2025-05-21,3293,3327.2,3287,3313.5,229503
2025-05-22,3318,3346.8,3277.8,3295,234658
2025-05-23,3295.1,3366.5,3285.5,3365.8,247200
2025-05-26,3355.6,3356,3283,3300.4,297309
2025-05-27,3332.5,3341,3296.30005,3299.1001,16163
2025-05-28,3300.9,3324.5,3273.5,3294.9,127758
2025-05-29,3311.8,3356.3,3269.1,3343.9,227943
2025-05-30,3343.2,3347,3294.8,3315.4,184770
2025-06-02,3323,3408.1,3319.4,3397.2,180995
2025-06-03,3406.5,3417.8,3357.2,3377.1,168220
2025-06-04,3377.8,3409.7,3366.9,3399.2,167220
2025-06-05,3398,3427.7,3362.3,3375.1,224859
2025-06-06,3377.4,3398.3,3328.8,3346.6,185366
2025-06-09,3333.4,3359,3313.1,3354.9,142005
2025-06-10,3346.3,3370.4,3321.3,3343.4,158897
2025-06-11,3344.3,3382.3,3335.4,3343.7,201534
2025-06-12,3377.5,3419.8,3358.5,3402.4,230166
2025-06-13,3406.7,3468,3399.6,3452.8,270627
2025-06-16,3473,3476.3,3400.9,3417.3,192505
2025-06-17,3404.2,3422.7,3384.4,3406.9,209083
2025-06-18,3409,3419,3380.1,3408.1,178282
2025-06-19,3387.1,3405.2,3356.2,3385.7,280833
2025-06-20,3350,3372.8999,3341,3368.1001,277314
2025-06-23,3400.7,3413.8,3361.4,3395,193872
2025-06-24,3383.8,3385,3308.3,3333.9,227429
2025-06-25,3338.1,3351.3,3325.5,3343.1,130010
2025-06-26,3347.5,3363.9,3322.5,3348,155584
2025-06-27,3341.3,3341.4,3266.5,3287.6,218869
2025-06-30,3284.3,3321.6,3250.5,3307.7,144201
2025-07-01,3315.7,3370.5,3313.7,3349.8,168854
2025-07-02,3350,3371,3337.2,3359.7,132187
2025-07-03,3369,3376.9,3321.4,3342.9,153232
2025-07-04,3344.5,3352.9,3304.4,3342.8,235762
2025-07-07,3305.5,3333.30005,3299.19995,3332.19995,20051
2025-07-08,3348.9,3355.6,3295.4,3316.9,218029
2025-07-09,3310.6,3325.6,3290.2,3321,167968
2025-07-10,3322.2,3339.4,3319.2,3325.7,168190
2025-07-11,3333.1,3381.6,3332.3,3364,216883
2025-07-14,3376.5,3389.3,3348.5,3359.1,195336
2025-07-15,3352,3375.4,3327.3,3336.7,179884
2025-07-16,3330.5,3385.8,3326.1,3359.1,235160
2025-07-17,3354.7,3358.2,3314.3,3345.3,161740
2025-07-18,3347.5,3368,3337.2,3358.3,115413
2025-07-21,3355.6,3416.9,3351,3406.4,191195
2025-07-22,3410.7,3447.5,3394.9,3443.7,227372
2025-07-23,3444.3,3451.7,3390.6,3397.6,263025
2025-07-24,3398.6,3401.1,3355.2,3373.5,215271
2025-07-25,3372.1,3376.6,3325.5,3335.6,196380
2025-07-28,3321.1,3345.4,3300,3310,180215
2025-07-29,3313.4,3332.3,3305.8,3324,113144
2025-07-30,3383.1,3389.3,3319.2,3352.8,203086
2025-07-31,3327.5,3366.7,3324.4,3348.6,158029
2025-08-01,3342.7,3416.9,3331.4,3399.8,229954
2025-08-04,3416.6,3439.5,3397.9,3426.4,138229
2025-08-05,3428.9,3444.9,3403.3,3434.7,154163
2025-08-06,3434.9,3440.5,3411.7,3433.4,151580
2025-08-07,3431.8,3483.8,3430,3453.7,249091
2025-08-08,3487.9,3534.1,3445,3491.3,321346
2025-08-11,3458.1,3466.3,3393,3404.7,224513
2025-08-12,3393.6,3410.8,3379.1,3399,193820
2025-08-13,3399.6,3422.6,3392.7,3408.3,135846
2025-08-14,3407.2,3423.8,3375.5,3383.2,165697
2025-08-15,3383.2,3394.8,3377.7,3382.6,118486
2025-08-18,3382.4,3403.6,3368,3378,119141
2025-08-19,3378.3,3389.7,3358.1,3358.7,133497
2025-08-20,3359,3394.3,3353.4,3388.5,135521
2025-08-21,3392.2,3394.4,3367.4,3381.6,123500
2025-08-22,3383.3,3423.4,3362.8,3418.5,186037
2025-08-25,3417.6,3421.5,3405.5,3417.5,97780
2025-08-26,3410.8,3443.3,3396.1,3433,176297
2025-08-27,3443,3452.5,3422.2,3448.6,153806
2025-08-28,3452.6,3478.7,3442.5,3474.3,156602
2025-08-29,3477.2,3518.5,3463,3516.1,188546
2025-09-01,3517.9,3602.4,3506,3592.2,374141
2025-09-02,3485.69995,3559.19995,3485.69995,3549.3999,33847
2025-09-03,3600,3640.1,3592.4,3635.5,220786
2025-09-04,3619.8,3621.6,3573.7,3606.7,232579
2025-09-05,3602,3655.5,3595.4,3653.3,237651
2025-09-08,3635,3685.7,3621.7,3677.4,227640
2025-09-09,3676.6,3715.2,3663.7,3682.2,262656
2025-09-10,3662,3697.5,3651.4,3682,182028
2025-09-11,3680.6,3687.5,3651,3673.6,214612
2025-09-12,3672.8,3695.5,3667.3,3686.4,154559
2025-09-15,3680.2,3724.9,3662.8,3719,189452
2025-09-16,3720.3,3739.9,3711.8,3725.1,192295
2025-09-17,3727.3,3744,3679.5,3717.8,256047
2025-09-18,3692.5,3707.3,3660.5,3678.3,224128
2025-09-19,3677.7,3719.6,3664.4,3705.8,186954
2025-09-22,3721.3,3783.3,3718.1,3775.1,219170
2025-09-23,3781.2,3824.6,3772.4,3815.7,291564
2025-09-24,3796.9,3812.6,3749.7,3768.1,236560
2025-09-25,3768.3,3792.3,3751.9,3771.1,262183
2025-09-26,3781.5,3814.4,3764,3809,214083
2025-09-29,3788.8,3863.7,3785.5,3855.2,258145
2025-09-30,3863.1,3899.2,3820.6,3873.2,312257
2025-10-01,3887.7,3922.7,3880.3,3897.5,290470
2025-10-02,3892.7,3923.3,3842.8,3868.1,284217
2025-10-03,3880.4,3916.8,3861.1,3908.9,218284
2025-10-06,3913.5,3994.5,3909.2,3976.3,278143
2025-10-07,3983,4014.6,3963.4,4004.4,297512
2025-10-08,4007.1,4081,4005.6,4070.5,348778
2025-10-09,4061.8,4077.9,3957.9,3972.6,461023
2025-10-10,3990.1,4038.6,3961.2,4000.4,357542
2025-10-13,4018.3,4137.2,4011.3,4133,357542
2025-10-14,4130.9,4190.9,4105,4163.4,405991
2025-10-15,4160.1,4235.8,4157.3,4201.6,309914
2025-10-16,4225.1,4346.7,4214.5,4304.6,375196
2025-10-17,4348.1,4392,4196,4213.3,569847
2025-10-20,4269,4398,4229.7,4359.4,338235
2025-10-21,4371,4393.6,4093,4109.1,535325
2025-10-22,4137,4175,4021.2,4065.4,468711
2025-10-23,4114.8,4171.5,4079.6,4145.6,271973
2025-10-24,4144,4159,4055.7,4137.8,297599
2025-10-27,4103.2,4123.8,3985.9,4019.7,330749
2025-10-28,3999.9,4034.2,3901.3,3983.1,338428
2025-10-29,3967.2,4046.2,3930,4000.7,288266
2025-10-30,3942.8,4041.5,3925.1,4015.9,246321
2025-10-31,4038.2,4059.9,3982.3,3996.5,237172
2025-11-03,4001,4043.1,3971.3,4014,227073
2025-11-04,4013.7,4018,3937.1,3960.5,250259
2025-11-05,3939.5,4000.7,3935.7,3992.9,175161
2025-11-06,3992.4,4028.7,3973.2,3991,188688
2025-11-07,3986.9,4035.8,3981.6,4009.8,208649
2025-11-09,4007.2,4065.9,4004.2,4062.5,51476
2025-11-10,4007.2,4124,4004.2,4122,253812
2025-11-11,4124,4155,4102.8,4116.3,252249
2025-11-12,4132.2,4218.5,4104.4,4213.6,296796
2025-11-13,4202.4,4250,4148.5,4194.5,319216
2025-11-14,4174.9,4215.1,4032.6,4094.2,342176
2025-11-16,4084.4,4107.6,4063.6,4081.1,41342
2025-11-17,4084.4,4107.6,4006.8,4074.5,235352
2025-11-18,4045.6,4083.7,3997.4,4066.5,233302
2025-11-19,4067.8,4134.3,4055.6,4082.8,233696
2025-11-20,4079.9,4109.6,4034,4060,272355
2025-11-21,4074.9,4101,4018.1,4079.5,257813
2025-11-23,4069.2,4074.4,4037.2,4041,31444
2025-11-24,4069.2,4138.2,4036.4,4094.2,223055
2025-11-25,4133.5,4156.3,4106.7,4140,132704
2025-11-26,4167,4209,4163.6,4202.3,187965
2025-11-27,4198.6,4263.1,4174.6,4254.9,154806
2025-11-28,4163.3999,4223.8999,4140,4218.2998,150009
2025-11-30,4258.5,4291.8,4241.1,4279,52734
2025-12-01,4258.5,4299.6,4241.1,4274.8,227572
2025-12-02,4265.3,4269.2,4194,4220.8,215921
2025-12-03,4241.6,4273.3,4225.1,4232.5,176443
2025-12-04,4234.5,4251.1,4203.3,4243,161251
2025-12-05,4239.5,4290.5,4221.4,4243,193599
2025-12-07,4228.1,4241.8,4224.5,4237,22487
2025-12-08,4228.1,4247.9,4204,4217.7,149813
2025-12-09,4219.6,4251.7,4197.8,4236.2,177366
2025-12-10,4237.5,4268.8,4207.8,4224.7,186178
2025-12-11,4258.3,4317.3,4231.2,4313,228282
2025-12-12,4309.1,4387.8,4286,4328.3,292175
2025-12-14,4330,4362.8,4324.4,4359.2,25956
2025-12-15,4330,4384.3,4315.9,4335.2,207700
2025-12-16,4334.3,4367.9,4297.4,4332.3,212277
2025-12-17,4333.5,4383.6,4330.7,4373.9,212413
2025-12-18,4371.5,4409.5,4338,4364.5,234460
2025-12-19,4363.6,4389,4336.3,4387.3,165214
2025-12-21,4369.9,4432.5,4367.9,4431,42831
2025-12-22,4369.9,4484.5,4367.9,4469.4,203043
2025-12-23,4481.8,4530.8,4457.7,4505.7,248418
2025-12-24,4516.7,4555.1,4474.3,4502.8,151576
2025-12-25,4523.5,4561.6,4518,4539.3,39423
2025-12-26,4523.5,4584,4518,4552.7,181246
2025-12-28,4568,4581.3,4490.3,4538.2,58880
2025-12-29,4568,4581.3,4316,4343.6,316961
2025-12-30,4350.3,4420.5,4338.8,4386.3,189751
2025-12-31,4353,4384.9,4284.3,4341.1,161782
2026-01-01,4340,4390.5,4337.3,4386.8,21736
2026-01-02,4340,4414.8,4319.7,4329.6,154807
2026-01-04,4368.3,4430.7,4354.6,4416.2,49775
2026-01-05,4368.3,4467.6,4354.6,4451.5,211711
2026-01-06,4459.8,4508.3,4437.9,4496.1,176584
2026-01-07,4505.4,4512.4,4432.9,4462.5,202783
2026-01-08,4467.1,4489.3,4415,4460.7,208958
2026-01-09,4489.3,4527,4461.8,4500.9,217946
2026-01-11,4529.1,4612.7,4520.8,4580.8,69381
2026-01-12,4529.1,4640.5,4520.8,4614.7,307991
2026-01-13,4610,4644,4576.7,4599.1,267451
2026-01-14,4594.3,4650.5,4594.3,4635.7,306299
2026-01-15,4635.7,4637.2,4584,4623.7,226481
2026-01-16,4621.6,4625.5,4539.1,4595.4,246155
2026-01-18,4633.7,4698,4622.2,4670.6,64605
2026-01-19,4633.7,4771.5,4622.2,4765.8,414495
2026-01-20,4662.2002,4764,4661.7998,4759.6001,71638
2026-01-21,4767.5,4891.1,4757.1,4837.5,400518
2026-01-22,4836.2,4944.3,4772.7,4913.4,265088
2026-01-23,4940,4991.4,4901.2,4979.7,276594
2026-01-25,5013.4,5091.5,5002,5061.7,77162
2026-01-26,5013.4,5107.9,4983.6,5082.5,433111
2026-01-27,5005.5,5190.8,5004.5,5082.6,325759
2026-01-28,5179,5415.2,5154.8,5303.6,125150
2026-01-29,5449.9,5626.8,5126,5354.8,570055
2026-01-30,5410,5480.2,4700.4,4745.1,508003
2026-02-01,4816,4905.6,4604.3,4699.3,104787
2026-02-02,4816,4905.6,4423.2,4652.6,385977
2026-02-03,4691,5018.1,4690.2,4935,260114
2026-02-04,4966.1,5113.9,4867.7,4950.8,245957
2026-02-05,4986.6,5045,4779.6,4889.5,234592
2026-02-06,4800,4995.6,4670,4979.8,177809
2026-02-08,5003.6,5069,4988.6,5035,29131
2026-02-09,5003.6,5111.1,4988.6,5079.4,124150
2026-02-10,5084.3,5102.7,5011,5031,105658
2026-02-11,5048,5144.5,5036.3,5098.5,129968
2026-02-12,5107.3,5122.8,4900,4948.4,161618
2026-02-13,4950,5069.1,4907.1,5046.3,123016
2026-02-15,5050,5074.4,4986,4997.7,13376
2026-02-16,5050,5074.4,4854.2,4905.9,166706
2026-02-17,5020,5020,4847.7998,4882.8999,11277
2026-02-18,4898.5,5031.9,4868.5,5009.5,166706
2026-02-19,4993.7,5042.8,4971.5,4997.4,87026
2026-02-20,5015,5131,4999.3,5080.9,136737
2026-02-22,5128.8,5198.8,5120.4,5182,28681
2026-02-23,5128.8,5257.3,5120.4,5225.6,140957
2026-02-24,5247.5,5269.4,5109.5,5176.3,145961
2026-02-25,5160,5237.3,5135.9,5226.2,145961
2026-02-26,5175.3,5221.9,5144.8,5194.2,131633
2026-02-27,5201.9,5299,5182.9,5247.9,151664
2026-03-01,5360,5409.7,5315.3,5366.5,54194
2026-03-02,5360,5434.1,5272.9,5311.6,227839
2026-03-03,5335.7,5394.2,5005,5123.7,273216
2026-03-04,5110,5218.3,5092.8,5134.7,273216
2026-03-05,5155.7,5204.3,5058.9,5078.7,151852
2026-03-06,5099.7,5185,5071,5158.7,160268
2026-03-08,5186.7,5210.4,5021.2,5097.3,47647
2026-03-09,5186.7,5210.4,5021.2,5103.7,181749
2026-03-10,5152.4,5248.7,5127.1,5242.1,181749
2026-03-11,5194,5230.9,5155.9,5179.1,140336
2026-03-12,5185.4,5197.8,5058.2,5125.8,153533
2026-03-13,5084,5132.4,5014.1,5061.7,160333
2026-03-15,5010,5035.4,4970.1,5022.4,28677
2026-03-16,5010,5044.5,4970.1,5002.2,170909
2026-03-17,5012.2,5049.4,4977,5008.2,170909
2026-03-18,5010.6,5022,4809.3,4896.2,217316
2026-03-19,4828,4868.7,4505,4605.7,303828
2026-03-20,4653.9,4738.2,4478.4,4574.9,226870
2026-03-22,4450,4537.1,4322,4353.6,77812
2026-03-23,4450,4537.1,4100,4407.3,398666
2026-03-24,4414.8,4485.6,4306.3,4402,209745
2026-03-25,4473.5,4601,4458.2,4552.3,245178
2026-03-26,4508.9,4541.6,4348.2,4376.3,247440
2026-03-27,4371.8,4552.1,4369.1,4492.5,74348
2026-03-29,4520,4547.6,4444.7,4535.5,38201
2026-03-30,4520,4611.4,4444.7,4557.5,157752
2026-03-31,4538.9,4717.6,4510,4678.6,176389
2026-04-01,4698.4,4821,4690,4813.1,166758
2026-04-02,4783,4825.9,4580.4,4679.7,190440
2026-04-05,4675,4699.3,4626.2,4659.3,24459
2026-04-06,4675,4733.1,4626.2,4684.7,89405
2026-04-07,4678.6,4745.7,4631.9,4684.7,145711
2026-04-08,4747.2,4888,4720.6,4777.2,215119
2026-04-09,4744.8,4826,4718.6,4818,133629
2026-04-10,4790.5,4820,4752.7,4787.4,121566
2026-04-12,4710,4749.5,4626,4741.5,30724
2026-04-13,4710,4774.4,4626,4767.4,127322
2026-04-14,4769.3,4870.3,4767.6,4850.1,129586
2026-04-15,4862.7,4895.4,4807.9,4823.6,106707
2026-04-16,4813.6,4861.3,4792.1,4808.3,108864
2026-04-17,4811.8,4917.7,4785.9,4879.6,135440
2026-04-19,4811.8,4834.5,4752,4812.5,35534
2026-04-20,4811.8,4847.9,4752,4828.8,123214
2026-04-21,4842.4,4854.8,4685.8,4719.6,177092
2026-04-22,4738.7,4790.8,4733.1,4753,100063
2026-04-23,4759.2,4771.3,4680.1,4724,153536
2026-04-24,4715.6,4757.1,4672.2,4740.9,103218
2026-04-26,4713.1,4744.6,4686.6,4740.2,18699
2026-04-27,4713.1,4745.8,4681.2,4693.7,85748
2026-04-28,4697.5,4716.5,4567.6,4608.4,144757
2026-04-29,4611.4,4624.3,4522.2,4561.5,126415
2026-04-30,4557,4658.8,4550.8,4629.6,119642
2026-05-01,4636.9,4673,4570,4644.5,93230
2026-05-03,4644,4650.6,4602,4620.9,12850
2026-05-04,4644,4650.6,4510.1,4533.3,117006
2026-05-05,4534,4597.5,4522.7,4568.5,88281
2026-05-06,4569.3,4734.6,4556.1,4694.3,160439
2026-05-07,4702.2,4775.2,4693.3,4710.9,159525
2026-05-08,4682.5,4760.4,4671,4730.7,122010
2026-05-10,4690,4714.1,4678.4,4689.4,24265
2026-05-11,4690,4758.4,4655.1,4728.7,147404
2026-05-12,4745.3,4783.4,4645.2,4686.7,146315
2026-05-13,4722.3,4734.8,4676,4706.7,120048
2026-05-14,4696.8,4725.8,4649.3,4685.3,102965
2026-05-15,4654.5,4670.1,4513.8,4561.9,169760
2026-05-17,4547.6,4559,4483.5,4545,32360
2026-05-18,4547.6,4588.6,4483.5,4558,151971
2026-05-19,4570.6,4593.2,4467.1,4511.2,140957
2026-05-20,4486.6,4558.4,4455,4535.3,152270
2026-05-21,4548,4572.4,4488.3,4542.5,153243
2026-05-22,4544.2,4547,4488,4523.2,108508
2026-05-24,4532,4582.6,4531.3,4559.2,19612
2026-05-25,4532,4583.3,4480,4502.3,254516
2026-05-26,4572.7998,4572.7998,4500.3999,4500.3999,5202
2026-05-27,4507.4,4528.1,4398.5,4448.4,81062
2026-05-28,4488,4547.1,4395.6,4532.4,153472
2026-05-29,4527.6,4627.1,4519.5,4593,133439
2026-05-31,4575.2,4577.3,4540.4,4542.8,15196
2026-06-01,4575.2,4577.3,4476,4506.3,116787
2026-06-02,4515.8,4571.3,4492.3,4519.9,100306
2026-06-03,4520,4525.1,4454,4466.9,106691
2026-06-04,4462.6,4543.2,4450.1,4505,109643
2026-06-05,4503,4508.7,4336.6,4365.3,179306
2026-06-07,4354,4377.5,4323.6,4336.2,27414
2026-06-08,4354,4377.5,4293,4363.4,144089
2026-06-09,4354.7,4388.6,4259.9,4286.4,138100
2026-06-10,4276.1,4281.1,4090.1,4133.3,206026
2026-06-11,4094.4,4241.3,4046.2,4114,206270
2026-06-12,4234.9,4267.8,4191.1,4238.8,136146
2026-06-14,4289.4,4356.8,4283.4,4345.9,31951
2026-06-15,4289.4,4391.5,4283.4,4351.6,132136
2026-06-16,4331.3,4376.5,4326.7,4354.4,89925
2026-06-17,4352.6,4403.6,4237.4,4381.4,160543
2026-06-18,4275.1,4350.2,4220.3,4245.9,139534
2026-06-19,4163.9,4238.1,4151.4,4202.7,177657
2026-06-21,4163.9,4238.1,4138.7,4194,99306
2026-06-22,4138.7998,4216.3999,4134.7998,4181.8999,18776
2026-06-23,4210.8,4216,4108.2,4149.4,118495
2026-06-24,4130,4132.4,3975.7,4008.8,189386
2026-06-25,4019,4060,3976.3,4047.6,147347
2026-06-26,4044.4,4111.5,3998.1,4096.3,118966
2026-06-28,4101.1,4102.9,4062.6,4083.2,17825
2026-06-29,4101.1,4102.9,4012,4038.9,107421
2026-06-30,4032.5,4078.1,3955.4,4038.5,125413
2026-07-01,4025,4131,3973,4082.4,146949
2026-07-02,4049.2,4157.1,4042.8,4125.7,125511
2026-07-03,4187.5,4215.5,4140.6,4167.5,147556
2026-07-05,4187.5,4214.1001,4133.7998,4209,59985
2026-07-06,4175.3999,4199.7002,4134.2002,4155.1001,142410
2026-07-07,4176.4,4192.4,4102.7,4157.4,110330
2026-07-08,4106.5,4144.7,4032.5,4082.4,170826
2026-07-09,4087.6,4148.4,4063.4,4140.8,125061
2026-07-10,4135.4,4144.6,4081.7,4113.7,98745
2026-07-12,4106.6001,4111.6001,4076.80005,4080.3999,4964
2026-07-13,4106.6,4111.6,3992.9,4005.7,154814
2026-07-14,4005.9,4112.5,3990.4,4069.7,151122
2026-07-15,4059.8,4089.1,4023.3,4051.8,113034
2026-07-16,4068.9,4071.9,3973.4,3992.1,125063
2026-07-17,3980.1,4028.9,3963,4018.8,112279
2026-07-20,4005.6,4046,3986.5,4015.9,102847
2026-07-21,4013.4,4092.5,4003.3,4076.4,119957
2026-07-22,4084.7,4171.4,4081,4151.9,132783
2026-07-23,4126,4144,4042.5,4050.2,159889
2026-07-24,4053.4,4085.2,4024,4070.8,120072
2026-07-27,4097.5,4119.3,4067.1,4077,135087
2026-07-28,4083,4085.7,4011.1,4038.7,167757
2026-07-29,4020.9,4115.2,3993.8,4036.3,89664
2026-07-30,4126.7,4180.2,4085,4160.6,149370
2026-07-31,4163.9,4170.7,4076.4,4107,110633
2026-08-03,4135.2,4145.5,4074,4090.5,93289
2026-08-04,4109.6,4163.8,4098.2,4152.6,118831
2026-08-05,4133.8,4328.2,4121.6,4305.2,211902
2026-08-06,4307,4363.7,4281.2,4299.6,167624
2026-08-07,4298.3,4432.3,4288,4399.7,190635
2026-08-10,4400,4453.8,4373.9,4419.7,118606
2026-08-11,4446.9,4495,4415.7,4441.1,138129
2026-08-12,4430,4502.7,4421.4,4467.5,153093
2026-08-13,4468.8,4509.1,4400,4420.4,139219
2026-08-14,4408.2,4454.6,4365.5,4437.3,126955
2026-08-17,4440,4486.5,4422.3,4473.7,121052
2026-08-18,4473.4,4493.1,4383.3,4420.6,131150
2026-08-19,4391.4,4582.8,4378,4545.3,250482
2026-08-20,4580,4597.1,4506,4571.4,186475
2026-08-21,4577,4690.4,4565.5,4680.6,195566
2026-08-24,4673.4,4738.5,4651.8,4697.8,206802
2026-08-25,4710.1,4755,4659.5,4694.5,176784
2026-08-26,4715.7,4730.9,4638.2,4653.3,151459
2026-08-27,4650,4697.7,4616,4664,140302
2026-08-28,4656,4688,4495,4529.9,274603
2026-08-31,4483.2,4521.5,4445.6,4481.5,152216
2026-09-01,4498.7,4510.5,4369.7,4396.4,198560
2026-09-02,4377.2,4444.4,4329.2,4414.6,187568
2026-09-03,4436.4,4558.5,4426.7,4539.9,209167
2026-09-04,4522,4537.8,4412,4476.6,189656
2026-09-07,4466.5,4488.8,4381,4439,217162
2026-09-08,4391.8999,4406.1001,4384.3999,4393.8999,214508
2026-09-09,4399,4479,4384.1,4460.7,164390
2026-09-10,4448,4479.9,4354.7,4407.3,196126
2026-09-11,4359.4,4444.9,4333,4408.9,186282
